INSERT INTO user (`first_name`, `last_name`, `nickname`, `email`, `password`, `image`, `admin`, `is_active`) VALUES ('admin', 'admin', 'admin', 'admin@admin.com', '$2b$10$hQofXYeXx1ZWzeUVvUevXO/N5rHUaXxLmWhXHFH4/j/6TV3s6SBnm', 'Admin.jpg', 1, 1);
INSERT INTO user (`first_name`, `last_name`, `nickname`, `email`, `password`, `image`, `admin`, `is_active`) VALUES ('admin', 'admin', 'admin2', 'admin2@admin.com', '1234567890', 'Admin.jpg', 0, 1);
INSERT INTO user (`first_name`, `last_name`, `nickname`, `email`, `password`, `image`, `admin`, `is_active`) VALUES ('admin', 'admin', 'admin3', 'admin3@admin.com', '1234567890', 'Admin.jpg', 0, 1);
INSERT INTO user (`first_name`, `last_name`, `nickname`, `email`, `password`, `image`, `admin`, `is_active`) VALUES ('admin', 'admin', 'admin4', 'admin4@admin.com', '1234567890', 'Admin.jpg', 0, 1);
INSERT INTO user (`first_name`, `last_name`, `nickname`, `email`, `password`, `image`, `admin`, `is_active`) VALUES ('admin', 'admin', 'admin5', 'admin5@admin.com', '1234567890', 'Admin.jpg', 0, 1);
INSERT INTO user (`first_name`, `last_name`, `nickname`, `email`, `password`, `image`, `admin`, `is_active`) VALUES ('admin', 'admin', 'admin6', 'admin6@admin.com', '1234567890', 'Admin.jpg', 0, 1);
INSERT INTO user (`first_name`, `last_name`, `nickname`, `email`, `password`, `image`, `admin`, `is_active`) VALUES ('admin', 'admin', 'admin7', 'admin7@admin.com', '1234567890', 'Admin.jpg', 0, 1);
INSERT INTO user (`first_name`, `last_name`, `nickname`, `email`, `password`, `image`, `admin`, `is_active`) VALUES ('admin', 'admin', 'admin8', 'admin8@admin.com', '1234567890', 'Admin.jpg', 0, 1);
INSERT INTO user (`first_name`, `last_name`, `nickname`, `email`, `password`, `image`, `admin`, `is_active`) VALUES ('admin', 'admin', 'admin9', 'admin9@admin.com', '1234567890', 'Admin.jpg', 0, 1);
INSERT INTO user (`first_name`, `last_name`, `nickname`, `email`, `password`, `image`, `admin`, `is_active`) VALUES ('admin', 'admin', 'admin10', 'admin10@admin.com', '1234567890', 'Admin.jpg', 0, 1);
INSERT INTO user (`first_name`, `last_name`, `nickname`, `email`, `password`, `image`, `admin`, `is_active`) VALUES ('admin', 'admin', 'admin11', 'admin11@admin.com', '1234567890', 'Admin.jpg', 0, 1);
INSERT INTO user (`first_name`, `last_name`, `nickname`, `email`, `password`, `image`, `admin`, `is_active`) VALUES ('admin', 'admin', 'admin12', 'admin12@admin.com', '1234567890', 'Admin.jpg', 0, 1);
INSERT INTO user (`first_name`, `last_name`, `nickname`, `email`, `password`, `image`, `admin`, `is_active`) VALUES ('admin', 'admin', 'admin13', 'admin13@admin.com', '1234567890', 'Admin.jpg', 0, 1);
INSERT INTO user (`first_name`, `last_name`, `nickname`, `email`, `password`, `image`, `admin`, `is_active`) VALUES ('admin', 'admin', 'admin14', 'admin14@admin.com', '1234567890', 'Admin.jpg', 0, 1);
INSERT INTO user (`first_name`, `last_name`, `nickname`, `email`, `password`, `image`, `admin`, `is_active`) VALUES ('admin', 'admin', 'admin15', 'admin15@admin.com', '1234567890', 'Admin.jpg', 0, 1);
INSERT INTO user (`first_name`, `last_name`, `nickname`, `email`, `password`, `image`, `admin`, `is_active`) VALUES ('admin', 'admin', 'admin16', 'admin16@admin.com', '1234567890', 'Admin.jpg', 0, 1);
INSERT INTO user (`first_name`, `last_name`, `nickname`, `email`, `password`, `image`, `admin`, `is_active`) VALUES ('admin', 'admin', 'admin17', 'admin17@admin.com', '1234567890', 'Admin.jpg', 0, 1);
INSERT INTO user (`first_name`, `last_name`, `nickname`, `email`, `password`, `image`, `admin`, `is_active`) VALUES ('admin', 'admin', 'admin18', 'admin18@admin.com', '1234567890', 'Admin.jpg', 0, 1);
INSERT INTO user (`first_name`, `last_name`, `nickname`, `email`, `password`, `image`, `admin`, `is_active`) VALUES ('admin', 'admin', 'admin19', 'admin19@admin.com', '1234567890', 'Admin.jpg', 0, 1);
INSERT INTO user (`first_name`, `last_name`, `nickname`, `email`, `password`, `image`, `admin`, `is_active`) VALUES ('admin', 'admin', 'admin20', 'admin20@admin.com', '1234567890', 'Admin.jpg', 0, 1);
INSERT INTO user (`first_name`, `last_name`, `nickname`, `email`, `password`, `image`, `admin`, `is_active`) VALUES ('admin', 'admin', 'admin21', 'admin21@admin.com', '1234567890', 'Admin.jpg', 0, 1);


INSERT INTO category (`id`, `name`) VALUES (1, 'Notebook');
INSERT INTO category (`id`, `name`) VALUES (2, 'Monitor');
INSERT INTO category (`id`, `name`) VALUES (3, 'Auricular');
INSERT INTO category (`id`, `name`) VALUES (4, 'Procesador');
INSERT INTO category (`id`, `name`) VALUES (5, 'CPU Cooler');
INSERT INTO category (`id`, `name`) VALUES (6, 'Gabinete');
INSERT INTO category (`id`, `name`) VALUES (7, 'Memoria RAM');
INSERT INTO category (`id`, `name`) VALUES (8, 'Motherboard');
INSERT INTO category (`id`, `name`) VALUES (9, 'Placa de video');
INSERT INTO category (`id`, `name`) VALUES (10, 'Silla Gamer');
INSERT INTO category (`id`, `name`) VALUES (11, 'SSD');
INSERT INTO category (`id`, `name`) VALUES (12, 'Mouse');
INSERT INTO category (`id`, `name`) VALUES (13, 'Teclado');

INSERT INTO brand (`id`, `name`) VALUES (1, 'Asus');
INSERT INTO brand (`id`, `name`) VALUES (2, 'Gigabyte');
INSERT INTO brand (`id`, `name`) VALUES (3, 'Corsair');
INSERT INTO brand (`id`, `name`) VALUES (4, 'AMD');
INSERT INTO brand (`id`, `name`) VALUES (5, 'ID-Cooling');
INSERT INTO brand (`id`, `name`) VALUES (6, 'Kingston');
INSERT INTO brand (`id`, `name`) VALUES (7, 'Logitech');

INSERT INTO product (`name`, `description`, `stock`, `price`, `discount`, `image`, `is_active`, `category_id`, `brand_id`) VALUES ('TUF Gaming FX506L', 'Procesador: Intel Core i5. Almacenamiento: SSD 512GB. Conectividad: Wi-Fi. Graficos: Nvidia GTX 1650 4GB. Memoria Ram: 8 GB. Pantalla: 15.6. Sistema Operativo: Windows 10. Uso Recomendado: Gaming.', 10, 380000, 50, 'notebook.jpg', 1, 1, 1);
INSERT INTO product (`name`, `description`, `stock`, `price`, `discount`, `image`, `is_active`, `category_id`, `brand_id`) VALUES ('Aorus FI25F 25"', 'Pantalla: 25" FullHD. Tipo: Plano. Parlantes: No. Panel: IPS. Conectividad: 1xDisplay Port, 2xHDMI. Frecuencia: 240 Hz. Consumo: 60 W. Tiempo de Repuesta(ms): 0.4ms. Uso: Edición y Gaming.', 15, 365000, 30, 'monitor.jpg', 1, 2, 2);
INSERT INTO product (`name`, `description`, `stock`, `price`, `discount`, `image`, `is_active`, `category_id`, `brand_id`) VALUES ('HS35 Stereo', 'Micrófono: Si. Es inalambrico: No. Conector: Jack 3.5 mm. Unidad de Diafragma: 50mm. Longitud del Cable: 1,1 mts. Compatible con: Play Station, Xbox y PC.', 4, 16600, 0, 'auricular.jpg', 1, 3, 3);
INSERT INTO product (`name`, `description`, `stock`, `price`, `discount`, `image`, `is_active`, `category_id`, `brand_id`) VALUES ('Ryzen 7 5800X', 'Socket: AM4. Cantidad de nucleos: 8. Hilos: 16. GPU Integrado: No. Cache: 32MB. Soporta Memorias RAM: DDR4. Consumo: 105 W.', 6, 155000, 30, 'microprocesador.jpg', 1, 4, 4);
INSERT INTO product (`name`, `description`, `stock`, `price`, `discount`, `image`, `is_active`, `category_id`, `brand_id`) VALUES ('SE-903-SD', 'Socket: Intel LGA 1200 y AMD AM4. Consumo: 130W. Peso: 370g. Velocidad del ventilador: 2000 RPM.', 5, 9500, 0, 'cooler.jpg', 1, 5, 5);
INSERT INTO product (`name`, `description`, `stock`, `price`, `discount`, `image`, `is_active`, `category_id`, `brand_id`) VALUES ('4000D AIRFLOW', 'Dimensiones: 45,3cm x 23,0cm x 46,6cm. Factor de forma: Mid-Tower. Vidrio templado: Si. Material: Acero y PVC. Peso: 7,85kg.', 4, 35000, 30, 'gabinete.jpg', 1, 6, 3);
INSERT INTO product (`name`, `description`, `stock`, `price`, `discount`, `image`, `is_active`, `category_id`, `brand_id`) VALUES ('Aorus GP-ARS16G37', 'Modulos de memoria: 2x 8GB. Capacidad total: 16GB. RGB: Si. Tecnologia: DDR4. Frecuencia: 3600 MHz.', 8, 60000, 0, 'memoria_ram.jpg', 1, 7, 2);
INSERT INTO product (`name`, `description`, `stock`, `price`, `discount`, `image`, `is_active`, `category_id`, `brand_id`) VALUES ('Aorus B550 Elite PRO AX', 'Socket: AM4. Chipset: AMD B550. Memoria: 4 socket para Memoria Ram DDR4. Diseño: ATX. Conectores: USB 3.2, HDMI. RGB: Si.', 9, 150000, 20, 'mother.jpg', 1, 8, 2);
INSERT INTO product (`name`, `description`, `stock`, `price`, `discount`, `image`, `is_active`, `category_id`, `brand_id`) VALUES ('Rog Strix Geforce RTX 3090', 'Interfaz: PCI-Express 4.0. Cantidad de núcleos: 10496. Resolucion máxima: 7680x4320. Memoria: 24GB. Tipo de memoria: GDDR6X. Bus de memoria: 384 bit. RGB: Si.', 2, 575000, 5, 'placa-de-video.jpeg', 1, 9, 1);
INSERT INTO product (`name`, `description`, `stock`, `price`, `discount`, `image`, `is_active`, `category_id`, `brand_id`) VALUES ('T3 RUSH', 'Peso soportado: 120kg. Tipo de asiento: Acolchonado. Inclinacion: Hasta los 180°. Apoyabrazos: Si. Número de ruedas: 5. Engonomico: Si. Peso: 22kg.', 1, 250000, 0, 'silla-gamer-corsair.jpg', 1, 10, 3);
INSERT INTO product (`name`, `description`, `stock`, `price`, `discount`, `image`, `is_active`, `category_id`, `brand_id`) VALUES ('A400 1TB', 'Capacidad: 1TB. Interfaces: SATA III. Peso: 40g. Tecnologia: 3D NAND.', 50, 25000, 30, 'ssd.jpg', 1, 11, 6);
INSERT INTO product (`name`, `description`, `stock`, `price`, `discount`, `image`, `is_active`, `category_id`, `brand_id`) VALUES ('G903', 'Inalámbrico: Si. Sensor: Hero. Cantidad de botones: 11. DPI maximo: 16000. Frecuencia de repuesta: 1000HZ. Peso: 110gr. Tecnologia Wifi: LIGHTSPEED. Recargable: Si.', 30, 28000, 0, 'mouse_logitech.jpg', 1, 12, 7);
INSERT INTO product (`name`, `description`, `stock`, `price`, `discount`, `image`, `is_active`, `category_id`, `brand_id`) VALUES ('TUF Gaming FX506L', 'Procesador: Intel Core i5. Almacenamiento: SSD 512GB. Conectividad: Wi-Fi. Graficos: Nvidia GTX 1650 4GB. Memoria Ram: 8 GB. Pantalla: 15.6. Sistema Operativo: Windows 10. Uso Recomendado: Gaming.', 10, 380000, 50, 'notebook.jpg', 1, 1, 1);
INSERT INTO product (`name`, `description`, `stock`, `price`, `discount`, `image`, `is_active`, `category_id`, `brand_id`) VALUES ('Nvidia GTX 1050TI 4GB ', 'Este componente electrónico procesa la información que llega al dispositivo y los transforma en imágenes o videos para mostrarla visualmente. Es ideal para trabajar con aplicaciones gráficas ya que permite obtener imágenes más nítidas. Nvidia es el fabricante líder de placas de video; su calidad asegura una experiencia positiva en el desarrollo del motor gráfico de tu computadora. Además, sus procesadores usan tecnología de punta para que puedas disfrutar de un producto veloz y duradero. En el menor tiempo posible Con una velocidad de memoria de 7108 MHz los datos del procesador central se van a traducir en información comprensible en tan solo un abrir y cerrar de ojos; decodificará tantos ciclos por segundo que hará más efectiva la transmisión de datos a otros componentes. Con esta cualidad, el equipo ganará agilidad y eficiencia. Velocidad en cada lectura Como cuenta con 768 núcleos, los cálculos para el procesamiento de gráficos se realizarán de forma simultánea logrando un resultado óptimo del trabajo de la placa. Esto le permitirá ejecutar lecturas dispersas y rápidas de y hacia la GPU. Calidad de imagen Criterio fundamental a la hora de elegir una placa de video, su resolución de 7680x4320 no te defraudará. La decodificación de los píxeles en tu pantalla te harán ver hasta los detalles más ínfimos en cada ilustración. ', 10, 199982, 0, 'nvidiaGTX1050Ti.png', 1, 9, 2);
INSERT INTO product (`name`, `description`, `stock`, `price`, `discount`, `image`, `is_active`, `category_id`, `brand_id`) VALUES ('Nvidia MSI GeForce RTX 3050 8GB','Este componente electrónico procesa la información que llega al dispositivo y los transforma en imágenes o videos para mostrarla visualmente. Es ideal para trabajar con aplicaciones gráficas ya que permite obtener imágenes más nítidas. Nvidia es el fabricante líder de placas de video; su calidad asegura una experiencia positiva en el desarrollo del motor gráfico de tu computadora. Además, sus procesadores usan tecnología de punta para que puedas disfrutar de un producto veloz y duradero. Velocidad en cada lectura Como cuenta con 2560 núcleos, los cálculos para el procesamiento de gráficos se realizarán de forma simultánea logrando un resultado óptimo del trabajo de la placa. Esto le permitirá ejecutar lecturas dispersas y rápidas de y hacia la GPU. Calidad de imagen Criterio fundamental a la hora de elegir una placa de video, su resolución de 7680x4320 no te defraudará. La decodificación de los píxeles en tu pantalla te harán ver hasta los detalles más ínfimos en cada ilustración. ', 10, 229000, 0, 'MSIGeForceRTX3050.jpg', 1, 9, 2);
INSERT INTO product (`name`, `description`, `stock`, `price`, `discount`, `image`, `is_active`, `category_id`, `brand_id`) VALUES ('Nvidia Evga FTW Gaming GeForce RTX 3090 24GB', 'Este componente electrónico procesa la información que llega al dispositivo y los transforma en imágenes o videos para mostrarla visualmente. Es ideal para trabajar con aplicaciones gráficas ya que permite obtener imágenes más nítidas. Nvidia es el fabricante líder de placas de video; su calidad asegura una experiencia positiva en el desarrollo del motor gráfico de tu computadora. Además, sus procesadores usan tecnología de punta para que puedas disfrutar de un producto veloz y duradero. En el menor tiempo posible Con una velocidad de memoria de 19500 MHz los datos del procesador central se van a traducir en información comprensible en tan solo un abrir y cerrar de ojos; decodificará tantos ciclos por segundo que hará más efectiva la transmisión de datos a otros componentes. Con esta cualidad, el equipo ganará agilidad y eficiencia.  Velocidad en cada lectura Cuenta con 10496 núcleos, por lo que la interfaz de la placa será algo sorprendente. Este tipo de estructura es apropiado para el procesamiento de tecnologías más complejas y modernas caracterizadas por grandes volúmenes de datos. Calidad de imagen Criterio fundamental a la hora de elegir una placa de video, su resolución de 7680x4320 no te defraudará. La decodificación de los píxeles en tu pantalla te harán ver hasta los detalles más ínfimos en cada ilustración.', 10, 499999, 0, 'NvidiaEvgaRTX3090.jpg', 1, 9, 2);
INSERT INTO product (`name`, `description`, `stock`, `price`, `discount`, `image`, `is_active`, `category_id`, `brand_id`) VALUES ('Gigabyte GTX 1660TI', 'Desarrollado por GeForce® GTX 1660 Ti Integrado con 6GB GDDR6 interfaz de memoria de 192 bits Sistema de enfriamiento WINDFORCE 2X con ventiladores alternativos Ventiladores de cuchilla únicos de 90 mm. Placa posterior de protección', 10, 177000, 0, 'GigabyteGTX1660TI.jpg', 1, 9, 2);
INSERT INTO product (`name`, `description`, `stock`, `price`, `discount`, `image`, `is_active`, `category_id`, `brand_id`) VALUES ('Asus GTX 2080', 'Desarrollado por GeForce® GTX 2080 Ti Integrado con 6GB GDDR6 interfaz de memoria de 192 bits Sistema de enfriamiento WINDFORCE 2X con ventiladores alternativos Ventiladores de cuchilla únicos de 90 mm. Placa posterior de protección', 10, 87500, 0, 'AsusRTX2080.jpg', 1, 9, 2);
INSERT INTO product (`name`, `description`, `stock`, `price`, `discount`, `image`, `is_active`, `category_id`, `brand_id`) VALUES ('Logitech G Series Lightspeed G703 ', 'Adaptado a tus movimientos El mouse de juego te ofrecerá la posibilidad de marcar la diferencia y sacar ventajas en tus partidas. Su conectividad y sensor suave ayudará a que te desplaces rápido por la pantalla.', 10, 26669, 0, 'LogitechLightspeedG703.jpg', 1, 12, 7);
INSERT INTO product (`name`, `description`, `stock`, `price`, `discount`, `image`, `is_active`, `category_id`, `brand_id`) VALUES ('Logitech G Series Lightspeed G604 ', 'Adaptado a tus movimientos El mouse de juego te ofrecerá la posibilidad de marcar la diferencia y sacar ventajas en tus partidas. Su conectividad y sensor suave ayudará a que te desplaces rápido por la pantalla.', 10, 22999, 0, 'LogitechLightspeedG604.jpg', 1, 12, 7);
INSERT INTO product (`name`, `description`, `stock`, `price`, `discount`, `image`, `is_active`, `category_id`, `brand_id`) VALUES ('Logitech G Series Lightspeed G305 ', 'Adaptado a tus movimientos El mouse de juego te ofrecerá la posibilidad de marcar la diferencia y sacar ventajas en tus partidas. Su conectividad y sensor suave ayudará a que te desplaces rápido por la pantalla.', 10, 15800, 0, 'LogitechLightspeedG305.jpg', 1, 12, 7);
INSERT INTO product (`name`, `description`, `stock`, `price`, `discount`, `image`, `is_active`, `category_id`, `brand_id`) VALUES ('Logitech G Series Lightsync C203 ', 'Adaptado a tus movimientos El mouse de juego te ofrecerá la posibilidad de marcar la diferencia y sacar ventajas en tus partidas. Su conectividad y sensor suave ayudará a que te desplaces rápido por la pantalla.', 10, 8000, 0, 'LogitechLightsyncG203.jpg', 1, 12, 7);
INSERT INTO product (`name`, `description`, `stock`, `price`, `discount`, `image`, `is_active`, `category_id`, `brand_id`) VALUES ('Logitech G Series Lighspeed G733  ', '¡Experimentá la adrenalina de sumergirte en la escena de otra manera! Tener auriculares específicos para jugar cambia completamente tu experiencia en cada partida. Con los Logitech G733 no te perdés ningún detalle y escuchás el audio tal y como fue diseñado por los creadores.', 10, 50000, 0, 'LogitechAuricularesLigthspeedG733.jpg', 1, 12, 7);
INSERT INTO product (`name`, `description`, `stock`, `price`, `discount`, `image`, `is_active`, `category_id`, `brand_id`) VALUES ('Razer Huntsman V2 QWERTY', 'Hablar de Razer dentro del mundo gamer es palabra mayor. Esta compañía ofrece productos de muy alta calidad a sus usuarios. Su línea de teclados es reconocida por haber recibido distintos galardones y premios internacionales por su alto desempeño.', 10, 75000, 0, 'RazerHuntsmanV2QWERTY.jpg', 1, 13, 7);

